               epoch,      train/box_loss,      train/obj_loss,      train/cls_loss,   metrics/precision,      metrics/recall,     metrics/mAP_0.5,metrics/mAP_0.5:0.95,        val/box_loss,        val/obj_loss,        val/cls_loss,               x/lr0,               x/lr1,               x/lr2
                   0,             0.10827,            0.021119,            0.071292,                   0,                   0,                   0,                   0,             0.10433,             0.01592,            0.070839,              0.0937,              0.0007,              0.0007
                   1,             0.10396,            0.022619,            0.071828,                   0,                   0,                   0,                   0,            0.098658,            0.016887,            0.070862,            0.086495,            0.001495,            0.001495
                   2,            0.098005,            0.023743,            0.071355,                   0,                   0,                   0,                   0,            0.095276,            0.017304,            0.070839,            0.079285,           0.0022848,           0.0022848
                   3,            0.094384,            0.023887,            0.071376,                   0,                   0,                   0,                   0,            0.091824,            0.017836,            0.070816,            0.072069,           0.0030693,           0.0030693
                   4,            0.090917,            0.027931,            0.071186,                   0,                   0,                   0,                   0,            0.088578,            0.018058,            0.070816,            0.064849,           0.0038485,           0.0038485
                   5,            0.088976,            0.024255,            0.071359,                   0,                   0,                   0,                   0,            0.085702,            0.018552,             0.07077,            0.057622,           0.0046225,           0.0046225
                   6,            0.084655,            0.025733,             0.07107,                   0,                   0,                   0,                   0,              0.0836,            0.018975,            0.070816,            0.050391,           0.0053911,           0.0053911
                   7,            0.086488,            0.027233,            0.071435,                   0,                   0,                   0,                   0,            0.081221,            0.019363,            0.070793,            0.043154,           0.0061545,           0.0061545
                   8,            0.081047,            0.027048,             0.07115,                   0,                   0,                   0,                   0,            0.078882,            0.019655,            0.070839,            0.035913,           0.0069126,           0.0069126
                   9,            0.078109,            0.028539,            0.071011,                   0,                   0,                   0,                   0,            0.077211,            0.019822,            0.070793,            0.028665,           0.0076654,           0.0076654
                  10,            0.076321,            0.026194,            0.070301,                   0,                   0,                   0,                   0,            0.072773,            0.020317,            0.070621,            0.021413,           0.0084129,           0.0084129
                  11,            0.076194,             0.02733,            0.070253,           0.0035818,             0.73333,           0.0094709,           0.0024352,            0.063726,            0.021579,            0.070026,            0.014155,           0.0091552,           0.0091552
                  12,            0.076891,            0.026288,            0.069737,           0.0023688,                 0.6,            0.026046,           0.0080322,            0.059307,            0.022527,            0.069397,            0.009604,            0.009604,            0.009604
                  13,            0.071249,            0.027311,             0.06952,           0.0045736,             0.76667,             0.03518,            0.010736,            0.056547,            0.022835,            0.068722,            0.009604,            0.009604,            0.009604
                  14,            0.067904,            0.027529,             0.06949,           0.0017009,                 0.5,            0.011166,           0.0024491,            0.060229,            0.023118,             0.06815,            0.009571,            0.009571,            0.009571
                  15,            0.069461,            0.026421,            0.069182,           0.0032694,             0.93333,            0.036595,            0.011571,             0.05507,            0.020914,            0.067635,            0.009538,            0.009538,            0.009538
                  16,            0.066642,             0.02856,            0.069315,           0.0037673,             0.96667,            0.074396,            0.019051,            0.058384,            0.019876,            0.067314,            0.009505,            0.009505,            0.009505
                  17,            0.068914,            0.025496,            0.067984,           0.0031271,             0.93333,            0.028142,           0.0093076,            0.060134,            0.017605,            0.067371,            0.009472,            0.009472,            0.009472
                  18,            0.063375,            0.026921,            0.068384,           0.0029942,                 0.9,            0.054666,            0.019272,            0.052186,            0.018432,            0.066662,            0.009439,            0.009439,            0.009439
                  19,            0.059083,            0.024366,            0.067308,           0.0034179,                   1,              0.1333,            0.040999,            0.048473,             0.01881,            0.065609,            0.009406,            0.009406,            0.009406
                  20,            0.059227,            0.026282,            0.067571,           0.0033831,                   1,              0.1009,            0.037296,            0.053877,            0.017718,            0.065002,            0.009373,            0.009373,            0.009373
                  21,            0.059544,            0.024674,            0.067827,           0.0031242,             0.93333,             0.12921,            0.053046,            0.052508,            0.020133,            0.065598,             0.00934,             0.00934,             0.00934
                  22,            0.057978,             0.02634,            0.066663,           0.0029049,             0.86667,            0.058168,            0.015409,             0.05948,            0.019471,            0.065506,            0.009307,            0.009307,            0.009307
                  23,            0.058872,             0.02319,            0.066168,           0.0033547,                   1,              0.1222,            0.050191,            0.046769,            0.017855,            0.064407,            0.009274,            0.009274,            0.009274
                  24,             0.05657,            0.025598,            0.066061,           0.0033622,                   1,             0.19492,             0.09696,            0.047624,            0.017961,            0.064201,            0.009241,            0.009241,            0.009241
                  25,            0.056961,            0.023694,            0.065674,           0.0031977,             0.93333,             0.15366,            0.033613,            0.059325,             0.02117,            0.063938,            0.009208,            0.009208,            0.009208
                  26,            0.054165,            0.023716,            0.065361,             0.60568,             0.23333,             0.19029,            0.047048,            0.053634,            0.025671,            0.063892,            0.009175,            0.009175,            0.009175
                  27,            0.055478,            0.023566,              0.0649,           0.0029564,             0.86667,            0.037187,            0.014428,            0.063716,            0.021466,            0.064499,            0.009142,            0.009142,            0.009142
                  28,            0.052879,            0.022889,            0.064219,           0.0021859,             0.43333,            0.036468,            0.018637,            0.071017,            0.027273,            0.065414,            0.009109,            0.009109,            0.009109
                  29,            0.051658,            0.021492,            0.064677,           0.0015467,                 0.4,            0.019916,            0.011743,            0.074048,            0.027478,            0.065392,            0.009076,            0.009076,            0.009076
                  30,             0.05416,             0.02064,            0.063132,             0.12903,             0.69965,              0.3716,             0.15274,            0.043938,            0.017365,             0.06078,            0.009043,            0.009043,            0.009043
                  31,            0.051872,            0.020264,            0.063083,             0.56288,             0.16135,             0.32025,             0.12441,            0.047047,            0.015261,            0.060219,             0.00901,             0.00901,             0.00901
                  32,            0.052017,            0.020761,             0.06322,             0.53135,             0.33333,             0.36138,             0.14515,            0.044165,            0.014238,            0.059223,            0.008977,            0.008977,            0.008977
                  33,            0.047493,            0.020095,            0.062423,             0.43963,             0.28693,             0.31114,            0.092905,            0.066641,              0.0173,            0.061626,            0.008944,            0.008944,            0.008944
                  34,            0.051296,            0.018633,            0.061116,             0.75433,            0.066667,             0.18901,            0.046759,            0.077464,            0.040602,             0.06459,            0.008911,            0.008911,            0.008911
                  35,            0.047223,            0.020858,            0.062286,             0.27325,             0.39505,             0.32984,            0.085436,             0.06353,            0.019247,            0.059498,            0.008878,            0.008878,            0.008878
                  36,            0.050684,             0.01876,            0.060466,              0.4247,             0.49338,              0.4834,             0.23371,            0.038395,            0.013928,            0.056545,            0.008845,            0.008845,            0.008845
                  37,            0.048287,            0.018916,            0.059609,             0.41676,                 0.5,             0.44331,             0.18076,            0.046436,            0.013082,            0.055824,            0.008812,            0.008812,            0.008812
                  38,            0.048436,            0.019041,            0.059905,             0.37443,             0.39608,             0.32262,             0.12554,            0.048298,            0.012207,             0.05595,            0.008779,            0.008779,            0.008779
                  39,            0.046458,            0.018763,            0.059862,             0.50231,             0.26667,             0.34789,             0.13042,            0.043085,            0.012966,            0.056717,            0.008746,            0.008746,            0.008746
                  40,            0.045364,            0.018071,            0.060074,             0.72258,             0.26667,             0.35243,             0.10725,            0.053279,            0.011877,              0.0569,            0.008713,            0.008713,            0.008713
                  41,            0.046767,            0.016598,            0.058975,             0.53772,             0.37476,             0.43934,             0.15325,            0.049529,            0.010779,            0.053467,             0.00868,             0.00868,             0.00868
                  42,            0.043739,            0.017149,              0.0574,             0.31634,             0.46667,             0.45802,              0.1676,            0.044981,            0.011764,            0.051922,            0.008647,            0.008647,            0.008647
                  43,            0.042955,            0.016325,            0.057172,             0.61862,             0.46667,             0.47901,             0.18535,            0.051569,            0.011542,            0.052002,            0.008614,            0.008614,            0.008614
                  44,            0.044961,            0.016137,            0.056325,             0.27091,             0.67706,             0.48624,             0.25405,            0.038815,            0.012433,            0.049644,            0.008581,            0.008581,            0.008581
                  45,            0.044299,            0.016588,            0.057005,             0.34301,             0.59836,             0.51258,             0.28249,            0.035627,            0.011533,            0.049255,            0.008548,            0.008548,            0.008548
                  46,            0.043785,            0.017032,            0.055913,              0.5302,             0.58576,             0.62303,             0.34299,            0.037892,            0.011888,            0.047928,            0.008515,            0.008515,            0.008515
                  47,            0.044923,            0.015733,            0.055317,             0.55499,             0.68491,              0.7035,             0.36197,            0.040113,            0.012075,             0.04715,            0.008482,            0.008482,            0.008482
                  48,            0.043379,            0.016516,            0.054295,             0.65373,             0.56667,             0.67268,             0.39543,            0.034413,            0.012426,            0.046818,            0.008449,            0.008449,            0.008449
                  49,            0.042385,            0.015696,            0.053943,             0.68297,                 0.3,             0.32689,             0.11211,            0.051439,            0.019877,            0.054966,            0.008416,            0.008416,            0.008416
                  50,            0.041548,            0.015392,            0.054686,             0.61889,              0.3638,             0.20184,             0.08903,            0.068615,            0.046296,            0.058605,            0.008383,            0.008383,            0.008383
                  51,            0.040685,             0.01613,            0.051741,              0.8999,             0.13091,             0.20568,             0.12061,            0.075605,            0.033095,            0.059349,             0.00835,             0.00835,             0.00835
                  52,            0.040538,            0.016489,            0.052736,             0.26791,             0.75683,             0.77758,             0.38772,            0.038456,            0.013693,            0.046028,            0.008317,            0.008317,            0.008317
                  53,            0.040854,            0.015607,            0.051492,             0.24187,             0.57192,             0.70934,             0.31816,            0.041989,            0.011305,            0.046108,            0.008284,            0.008284,            0.008284
                  54,            0.039987,            0.015836,            0.051573,              0.3821,             0.67489,             0.76937,             0.36967,            0.036926,            0.010248,            0.045553,            0.008251,            0.008251,            0.008251
                  55,            0.041755,            0.015361,            0.052991,             0.49081,             0.79349,             0.78573,             0.42492,             0.03324,           0.0091763,            0.042715,            0.008218,            0.008218,            0.008218
                  56,            0.040909,            0.014612,            0.050875,             0.54932,             0.76667,             0.85016,             0.39485,            0.035196,           0.0087919,            0.041428,            0.008185,            0.008185,            0.008185
                  57,            0.040918,            0.014704,            0.050848,             0.49859,             0.73333,             0.83037,             0.44099,            0.035549,           0.0086323,            0.040861,            0.008152,            0.008152,            0.008152
                  58,            0.041811,            0.015464,            0.049282,              0.6313,             0.83333,             0.86772,             0.44137,            0.033431,           0.0099974,            0.040672,            0.008119,            0.008119,            0.008119
                  59,            0.041207,            0.015135,            0.048895,             0.53766,                 0.9,             0.81681,             0.52536,            0.029159,           0.0087016,            0.040627,            0.008086,            0.008086,            0.008086
                  60,             0.03749,            0.014886,            0.048079,             0.52304,             0.80715,             0.82778,             0.55862,             0.02935,           0.0086484,            0.041182,            0.008053,            0.008053,            0.008053
                  61,            0.039315,            0.013501,            0.048385,             0.54366,             0.66667,             0.77937,             0.49268,            0.030954,           0.0090667,            0.042034,             0.00802,             0.00802,             0.00802
                  62,            0.039146,            0.013863,            0.047399,               0.468,             0.66667,             0.77373,             0.50091,            0.028942,           0.0087733,            0.039797,            0.007987,            0.007987,            0.007987
                  63,             0.04115,            0.014939,            0.048862,             0.38321,                 0.8,             0.74104,             0.45655,            0.028942,           0.0092343,            0.039385,            0.007954,            0.007954,            0.007954
                  64,            0.039931,             0.01476,            0.046756,             0.53098,             0.73333,             0.76593,             0.47348,            0.029206,           0.0095317,            0.038361,            0.007921,            0.007921,            0.007921
                  65,             0.03767,            0.013684,            0.048053,             0.48451,             0.76667,             0.80825,             0.49149,            0.034025,           0.0096735,            0.038738,            0.007888,            0.007888,            0.007888
                  66,            0.039091,            0.013961,             0.04551,             0.47596,             0.86667,             0.83134,             0.50902,            0.030209,           0.0096678,            0.037531,            0.007855,            0.007855,            0.007855
                  67,            0.041186,            0.013988,            0.046246,             0.53632,             0.86667,             0.82398,             0.44451,            0.032666,            0.008754,            0.036455,            0.007822,            0.007822,            0.007822
                  68,            0.036927,            0.013816,            0.045138,             0.44997,             0.81236,             0.81756,             0.54031,            0.029964,           0.0088757,            0.036089,            0.007789,            0.007789,            0.007789
                  69,            0.038534,             0.01492,            0.045452,             0.35985,             0.73269,             0.71442,             0.39906,            0.033948,           0.0095284,            0.039602,            0.007756,            0.007756,            0.007756
                  70,            0.038216,             0.01368,            0.044571,             0.49796,             0.83022,             0.80806,             0.46573,            0.031772,           0.0090385,            0.034452,            0.007723,            0.007723,            0.007723
                  71,            0.039646,            0.015134,            0.044982,             0.48287,             0.82616,             0.80601,             0.34788,            0.034835,           0.0087443,            0.033463,             0.00769,             0.00769,             0.00769
                  72,            0.039277,            0.015233,            0.042342,             0.53772,             0.88451,             0.82425,             0.54034,            0.028427,            0.008231,              0.0338,            0.007657,            0.007657,            0.007657
                  73,            0.037307,            0.013478,            0.041696,             0.59706,             0.82849,             0.83128,             0.59427,            0.027061,           0.0081013,             0.03265,            0.007624,            0.007624,            0.007624
                  74,            0.038038,            0.013243,            0.042481,             0.59547,             0.85108,             0.86548,              0.5593,            0.028758,           0.0082254,            0.031706,            0.007591,            0.007591,            0.007591
                  75,            0.038836,            0.013738,            0.043688,             0.52636,             0.91563,             0.83076,             0.50313,            0.030044,           0.0081633,            0.031712,            0.007558,            0.007558,            0.007558
                  76,            0.038555,              0.0141,            0.042446,             0.48554,             0.92744,             0.87394,             0.43875,            0.034546,           0.0082979,            0.032782,            0.007525,            0.007525,            0.007525
                  77,            0.035764,            0.012372,            0.039607,             0.94298,                 0.2,             0.24882,            0.098642,            0.070248,            0.015522,            0.054668,            0.007492,            0.007492,            0.007492
                  78,             0.03948,            0.013376,            0.040582,             0.61903,             0.86667,             0.89391,             0.59527,            0.028095,           0.0076258,            0.030527,            0.007459,            0.007459,            0.007459
                  79,            0.036897,            0.014103,            0.039811,             0.69284,             0.93333,             0.92294,             0.50771,            0.031505,           0.0074888,            0.029966,            0.007426,            0.007426,            0.007426
                  80,            0.036617,            0.013394,            0.039076,             0.66319,             0.93333,             0.88639,             0.45034,            0.034782,           0.0074654,            0.029749,            0.007393,            0.007393,            0.007393
                  81,            0.039984,            0.012925,            0.039946,             0.65427,              0.8449,             0.93611,              0.5466,            0.032911,           0.0076774,              0.0294,             0.00736,             0.00736,             0.00736
                  82,            0.037955,            0.013371,            0.039619,             0.54237,             0.95553,             0.90531,             0.63478,            0.028245,           0.0077652,            0.028416,            0.007327,            0.007327,            0.007327
                  83,            0.037405,             0.01318,            0.036317,             0.40631,             0.66667,             0.68923,             0.34725,            0.043631,            0.010553,            0.031528,            0.007294,            0.007294,            0.007294
                  84,            0.035665,            0.013712,            0.037662,              0.5244,             0.79082,             0.89544,              0.5232,             0.02953,           0.0079901,            0.027546,            0.007261,            0.007261,            0.007261
                  85,            0.036805,            0.013076,             0.03727,             0.60867,             0.89657,             0.91428,              0.5664,            0.027995,           0.0079054,            0.026622,            0.007228,            0.007228,            0.007228
                  86,            0.037258,            0.013702,            0.035172,             0.71415,             0.84898,             0.94739,              0.5963,            0.026949,           0.0077281,            0.026138,            0.007195,            0.007195,            0.007195
                  87,            0.035607,            0.012983,            0.034031,              0.6522,             0.94836,             0.96389,              0.4854,            0.033417,           0.0075605,            0.026899,            0.007162,            0.007162,            0.007162
                  88,            0.034958,             0.01245,            0.034413,             0.67429,             0.96667,               0.975,             0.67162,            0.026283,           0.0076145,            0.025126,            0.007129,            0.007129,            0.007129
                  89,            0.036918,            0.014303,             0.03621,             0.65255,             0.96305,              0.9552,              0.6188,            0.028281,           0.0075855,            0.024324,            0.007096,            0.007096,            0.007096
                  90,            0.037054,            0.012874,            0.034328,             0.75888,             0.96667,             0.97833,             0.69212,            0.024883,            0.007654,            0.024004,            0.007063,            0.007063,            0.007063
                  91,            0.035993,            0.011861,            0.036506,             0.63362,             0.99147,             0.94511,             0.62824,            0.026432,           0.0080247,            0.024914,             0.00703,             0.00703,             0.00703
                  92,            0.035885,            0.013625,            0.034083,             0.65101,             0.96667,               0.945,             0.60172,            0.027829,           0.0081931,            0.025134,            0.006997,            0.006997,            0.006997
                  93,              0.0351,            0.012771,            0.032476,              0.7439,             0.86667,             0.97833,             0.61223,            0.029774,           0.0081383,            0.022943,            0.006964,            0.006964,            0.006964
                  94,            0.037436,            0.013048,            0.034189,             0.63544,                 0.9,             0.95056,             0.62473,            0.029216,           0.0085163,            0.022842,            0.006931,            0.006931,            0.006931
                  95,            0.036651,            0.012304,            0.031025,             0.71335,             0.87571,             0.92187,             0.59913,            0.030141,           0.0085364,            0.022619,            0.006898,            0.006898,            0.006898
                  96,             0.03756,             0.01257,            0.032932,             0.74982,             0.86667,               0.975,             0.65176,            0.029808,           0.0080988,            0.021143,            0.006865,            0.006865,            0.006865
                  97,            0.034565,            0.013501,            0.030566,             0.45893,             0.46667,             0.48144,             0.20907,            0.050139,            0.013077,            0.035179,            0.006832,            0.006832,            0.006832
                  98,            0.037663,            0.013244,            0.031849,             0.54721,             0.63821,             0.68581,             0.33785,            0.043522,            0.012773,            0.032433,            0.006799,            0.006799,            0.006799
                  99,            0.034804,            0.013012,            0.029967,             0.71053,             0.92307,             0.96183,             0.67204,            0.029656,           0.0074058,            0.020682,            0.006766,            0.006766,            0.006766
                 100,            0.035343,            0.012131,             0.03115,             0.73343,             0.86578,             0.98389,             0.64676,            0.031714,           0.0077394,            0.020393,            0.006733,            0.006733,            0.006733
                 101,             0.03501,            0.011727,            0.029922,             0.80457,              0.9766,               0.995,             0.58644,            0.033442,           0.0073647,            0.017903,              0.0067,              0.0067,              0.0067
                 102,            0.035687,            0.013379,            0.029487,             0.68161,             0.97372,               0.975,             0.62563,            0.033644,           0.0074437,            0.018708,            0.006667,            0.006667,            0.006667
                 103,            0.038237,            0.012292,            0.029113,             0.78821,             0.92529,             0.97833,             0.60053,            0.033951,           0.0076822,            0.017487,            0.006634,            0.006634,            0.006634
                 104,            0.035654,             0.01185,             0.02618,             0.73728,             0.99695,             0.96183,             0.54284,            0.035416,           0.0077741,            0.018156,            0.006601,            0.006601,            0.006601
                 105,            0.035375,            0.012518,            0.027946,             0.69194,             0.93333,             0.96183,             0.54058,            0.035622,           0.0083398,            0.020256,            0.006568,            0.006568,            0.006568
                 106,            0.034514,            0.012371,            0.024434,              0.6861,             0.98288,             0.97833,             0.57563,            0.030897,           0.0083261,            0.018777,            0.006535,            0.006535,            0.006535
                 107,              0.0346,            0.012053,            0.028237,             0.77443,             0.89659,             0.98389,             0.61573,            0.027609,           0.0081359,             0.01545,            0.006502,            0.006502,            0.006502
                 108,            0.034129,            0.012241,            0.026212,             0.81077,             0.84984,             0.95072,             0.56424,            0.033693,           0.0078369,            0.016881,            0.006469,            0.006469,            0.006469
                 109,            0.034323,            0.012158,            0.024468,             0.76125,             0.88715,             0.93041,             0.57405,            0.033867,           0.0077572,            0.015783,            0.006436,            0.006436,            0.006436
                 110,            0.034718,            0.011909,            0.023955,             0.78922,                   1,               0.995,              0.5711,            0.031086,           0.0074912,            0.014647,            0.006403,            0.006403,            0.006403
                 111,            0.033554,            0.014018,            0.023604,             0.84179,             0.98026,               0.995,              0.6317,            0.029271,           0.0075202,             0.01445,             0.00637,             0.00637,             0.00637
                 112,              0.0342,            0.010991,            0.022488,             0.87131,             0.95609,               0.995,             0.62216,            0.031304,           0.0074896,            0.014564,            0.006337,            0.006337,            0.006337
                 113,            0.035574,            0.012781,            0.023924,             0.78298,              0.9832,               0.995,             0.65512,            0.028995,           0.0075702,            0.015382,            0.006304,            0.006304,            0.006304
                 114,            0.036933,             0.01213,            0.025067,             0.86593,             0.97893,               0.995,              0.6689,            0.028788,           0.0070359,            0.013262,            0.006271,            0.006271,            0.006271
                 115,            0.033758,            0.011072,            0.023974,             0.80327,                   1,               0.995,             0.65634,            0.029338,           0.0071205,            0.014796,            0.006238,            0.006238,            0.006238
                 116,            0.034193,            0.011812,            0.021338,             0.83965,              0.9946,               0.995,             0.62241,            0.029613,            0.007181,            0.013767,            0.006205,            0.006205,            0.006205
                 117,            0.035029,            0.011524,            0.020604,             0.88131,             0.98766,               0.995,             0.65125,            0.028007,           0.0071649,            0.012702,            0.006172,            0.006172,            0.006172
                 118,            0.034565,            0.012558,            0.021625,             0.85479,             0.99926,               0.995,             0.68332,            0.029792,           0.0070827,            0.012459,            0.006139,            0.006139,            0.006139
                 119,            0.032789,            0.011621,            0.023365,             0.88927,                   1,               0.995,             0.67292,            0.025659,           0.0069126,            0.011895,            0.006106,            0.006106,            0.006106
                 120,            0.034758,            0.011934,            0.022421,             0.83645,                   1,               0.995,             0.65038,            0.025247,           0.0066523,            0.011418,            0.006073,            0.006073,            0.006073
                 121,            0.033197,            0.012669,            0.021292,             0.88632,             0.98399,               0.995,             0.66205,            0.026882,           0.0066789,            0.010549,             0.00604,             0.00604,             0.00604
                 122,            0.033039,            0.012031,            0.021258,               0.857,             0.99283,               0.995,             0.60113,            0.029316,           0.0069102,            0.010808,            0.006007,            0.006007,            0.006007
                 123,            0.034609,            0.012084,             0.02019,             0.85164,             0.99024,               0.995,             0.58739,            0.030964,           0.0069005,            0.010453,            0.005974,            0.005974,            0.005974
                 124,            0.035421,            0.012211,            0.021063,             0.88173,             0.99054,               0.995,             0.61775,             0.02841,           0.0069336,             0.01021,            0.005941,            0.005941,            0.005941
                 125,            0.034412,            0.012989,            0.020359,             0.84786,             0.94965,             0.97833,             0.62291,            0.029463,           0.0081327,             0.01255,            0.005908,            0.005908,            0.005908
                 126,            0.034923,            0.012745,            0.020717,             0.90868,             0.97426,               0.995,             0.66157,            0.029186,           0.0073236,            0.011079,            0.005875,            0.005875,            0.005875
                 127,            0.033391,            0.011586,            0.019139,              0.8682,                   1,               0.995,             0.69678,            0.027142,           0.0070424,           0.0097568,            0.005842,            0.005842,            0.005842
                 128,            0.035422,             0.01257,            0.021136,             0.84388,                   1,               0.995,             0.65459,            0.028792,           0.0071818,           0.0098977,            0.005809,            0.005809,            0.005809
                 129,            0.034874,            0.012472,            0.020539,              0.8683,                   1,               0.995,             0.67157,             0.02745,           0.0071036,            0.010019,            0.005776,            0.005776,            0.005776
                 130,            0.031472,            0.012352,            0.019212,             0.85943,             0.99492,               0.995,             0.71677,            0.026391,           0.0074453,            0.011051,            0.005743,            0.005743,            0.005743
                 131,            0.032256,            0.011758,            0.018461,             0.90597,             0.99595,               0.995,             0.70054,            0.027562,           0.0067273,           0.0094986,             0.00571,             0.00571,             0.00571
                 132,             0.03251,            0.012846,            0.020692,             0.88615,             0.98954,               0.995,             0.69697,            0.027015,           0.0068071,           0.0095787,            0.005677,            0.005677,            0.005677
                 133,            0.031638,            0.011673,            0.017432,             0.89491,             0.98917,               0.995,             0.72481,            0.024508,           0.0069513,           0.0088463,            0.005644,            0.005644,            0.005644
                 134,            0.032296,            0.011461,            0.016598,             0.92083,              0.9286,               0.995,             0.65778,            0.027834,           0.0070907,           0.0092432,            0.005611,            0.005611,            0.005611
                 135,            0.032021,            0.011648,            0.016679,             0.85661,             0.99558,               0.995,             0.69303,              0.0262,           0.0068433,           0.0091324,            0.005578,            0.005578,            0.005578
                 136,            0.033607,            0.011835,             0.01738,              0.6077,             0.96083,             0.93511,             0.51493,            0.035554,           0.0090417,            0.016045,            0.005545,            0.005545,            0.005545
                 137,            0.031682,            0.011482,             0.01562,             0.81539,             0.86704,             0.96643,             0.57459,            0.035237,           0.0099749,            0.013254,            0.005512,            0.005512,            0.005512
                 138,            0.032009,            0.011175,             0.01685,             0.82741,                   1,               0.995,             0.67266,            0.026607,           0.0080779,           0.0075095,            0.005479,            0.005479,            0.005479
                 139,            0.032043,            0.011076,             0.01636,             0.91325,                   1,               0.995,             0.72144,            0.026477,           0.0072116,           0.0074744,            0.005446,            0.005446,            0.005446
                 140,            0.031574,            0.011078,            0.014974,             0.84589,             0.97097,               0.995,                0.71,            0.028525,           0.0070827,           0.0083814,            0.005413,            0.005413,            0.005413
                 141,            0.031624,            0.011735,            0.017464,             0.81688,                 0.9,             0.95611,             0.57126,            0.032244,           0.0077805,            0.013872,             0.00538,             0.00538,             0.00538
                 142,            0.031525,            0.010853,            0.015185,             0.94482,             0.29723,             0.39496,             0.13642,            0.058895,            0.015224,            0.038172,            0.005347,            0.005347,            0.005347
                 143,             0.03129,            0.011125,            0.015256,             0.79712,             0.64536,             0.72456,             0.32113,            0.044861,            0.011367,            0.022139,            0.005314,            0.005314,            0.005314
                 144,            0.032894,            0.012402,            0.017212,             0.72409,             0.84283,             0.93389,             0.52283,            0.034643,           0.0086468,            0.013544,            0.005281,            0.005281,            0.005281
                 145,            0.030998,            0.011497,            0.015506,             0.90348,             0.98241,               0.995,             0.68749,            0.023909,           0.0068997,            0.008518,            0.005248,            0.005248,            0.005248
                 146,            0.030894,            0.011708,            0.015573,             0.87417,             0.99624,               0.995,             0.67304,            0.026257,           0.0069408,           0.0070102,            0.005215,            0.005215,            0.005215
                 147,            0.031247,            0.011122,            0.015122,             0.90209,             0.96812,               0.995,             0.71296,             0.02587,            0.007405,           0.0073922,            0.005182,            0.005182,            0.005182
                 148,            0.030218,            0.010953,            0.014849,             0.72791,              0.8744,             0.94722,             0.56776,             0.03253,           0.0087524,            0.012597,            0.005149,            0.005149,            0.005149
                 149,            0.033034,            0.010772,            0.016371,             0.85695,             0.98586,               0.995,              0.6917,            0.027452,           0.0079038,            0.008503,            0.005116,            0.005116,            0.005116
                 150,            0.030299,            0.011662,            0.014031,             0.90603,             0.98987,               0.995,             0.75085,            0.024727,           0.0069328,           0.0062406,            0.005083,            0.005083,            0.005083
                 151,            0.030456,            0.011878,            0.012752,             0.90879,             0.97725,               0.995,             0.71148,            0.024828,            0.006774,           0.0063329,             0.00505,             0.00505,             0.00505
                 152,            0.030774,             0.01038,            0.012071,             0.91358,             0.98222,               0.995,             0.70464,            0.024664,           0.0067418,           0.0062699,            0.005017,            0.005017,            0.005017
                 153,            0.030862,             0.01158,            0.014775,             0.89883,             0.99209,               0.995,             0.68746,            0.024979,           0.0067232,           0.0066469,            0.004984,            0.004984,            0.004984
                 154,            0.031455,            0.010704,            0.013337,             0.91826,                   1,               0.995,             0.70033,            0.023371,           0.0066942,           0.0060353,            0.004951,            0.004951,            0.004951
                 155,            0.029201,            0.011032,            0.013352,             0.83177,             0.98171,               0.995,             0.70698,             0.02649,           0.0072616,            0.009171,            0.004918,            0.004918,            0.004918
                 156,            0.032195,            0.011527,             0.01523,              0.8902,             0.98507,               0.995,             0.64779,            0.026052,           0.0067547,           0.0058537,            0.004885,            0.004885,            0.004885
                 157,            0.029927,            0.010713,            0.014029,             0.94295,             0.99123,               0.995,             0.65708,            0.025576,           0.0071294,           0.0056999,            0.004852,            0.004852,            0.004852
                 158,            0.028864,            0.011587,            0.012081,             0.74096,             0.73778,             0.85559,             0.40612,            0.043816,             0.01355,            0.017289,            0.004819,            0.004819,            0.004819
                 159,            0.031232,            0.011338,            0.014068,             0.94776,                   1,               0.995,             0.66681,             0.02467,           0.0065935,           0.0055919,            0.004786,            0.004786,            0.004786
                 160,            0.031442,             0.01047,            0.015171,             0.94959,                   1,               0.995,             0.65147,            0.027521,           0.0068377,           0.0052478,            0.004753,            0.004753,            0.004753
                 161,            0.031995,            0.011534,             0.01428,             0.91405,             0.97025,             0.97289,             0.62386,            0.027093,           0.0070472,           0.0090008,             0.00472,             0.00472,             0.00472
                 162,            0.029546,            0.010553,            0.013454,             0.93139,             0.92608,               0.995,             0.66616,            0.028547,           0.0068884,           0.0081196,            0.004687,            0.004687,            0.004687
                 163,             0.02978,             0.01167,            0.012035,             0.92321,                   1,               0.995,             0.69442,            0.025419,           0.0068756,           0.0061655,            0.004654,            0.004654,            0.004654
                 164,            0.028451,            0.012073,            0.012633,             0.89554,                   1,             0.98389,              0.6578,             0.02865,           0.0072704,           0.0062399,            0.004621,            0.004621,            0.004621
                 165,            0.031249,            0.012057,             0.01275,             0.93647,                   1,               0.995,             0.68914,            0.025745,           0.0077846,           0.0048788,            0.004588,            0.004588,            0.004588
                 166,            0.030233,            0.011377,            0.011087,             0.94416,                   1,               0.995,              0.6522,            0.029132,           0.0072608,           0.0047472,            0.004555,            0.004555,            0.004555
                 167,             0.02971,            0.010423,             0.01146,             0.93712,                   1,               0.995,             0.71408,            0.026284,            0.006932,           0.0044979,            0.004522,            0.004522,            0.004522
                 168,             0.02892,            0.011177,            0.011682,             0.92565,                   1,               0.995,             0.69016,             0.02531,           0.0067732,           0.0045265,            0.004489,            0.004489,            0.004489
                 169,            0.030498,            0.011151,            0.012025,              0.9281,                   1,               0.995,             0.70887,            0.025316,           0.0065701,           0.0045762,            0.004456,            0.004456,            0.004456
                 170,            0.029929,            0.011778,            0.011792,             0.92852,                   1,               0.995,             0.70039,            0.027017,             0.00655,           0.0045297,            0.004423,            0.004423,            0.004423
                 171,            0.029095,             0.01131,             0.01289,             0.93783,                   1,               0.995,             0.68073,            0.025321,           0.0067587,           0.0046445,             0.00439,             0.00439,             0.00439
                 172,             0.03181,            0.011579,             0.01462,             0.92863,                   1,               0.995,             0.70968,            0.024308,           0.0069956,           0.0046556,            0.004357,            0.004357,            0.004357
                 173,            0.030219,             0.01132,            0.012178,             0.95109,                   1,               0.995,              0.7022,            0.023964,           0.0066394,           0.0047432,            0.004324,            0.004324,            0.004324
                 174,            0.030201,            0.010788,            0.012473,              0.9513,                   1,               0.995,             0.68707,            0.024445,           0.0064678,           0.0047135,            0.004291,            0.004291,            0.004291
                 175,            0.030518,            0.012099,            0.012098,             0.94296,                   1,               0.995,             0.67696,            0.025626,            0.006496,           0.0044478,            0.004258,            0.004258,            0.004258
                 176,            0.029528,            0.010437,            0.012233,             0.94785,                   1,               0.995,             0.69035,            0.024857,           0.0064678,           0.0042272,            0.004225,            0.004225,            0.004225
                 177,            0.028899,             0.01075,            0.010773,              0.9335,                   1,               0.995,             0.73987,            0.022622,           0.0063679,           0.0047235,            0.004192,            0.004192,            0.004192
                 178,            0.027634,            0.010391,            0.012917,             0.94355,                   1,               0.995,              0.7059,            0.024285,           0.0064138,            0.004141,            0.004159,            0.004159,            0.004159
                 179,            0.030438,            0.011261,            0.012359,             0.95676,             0.99716,               0.995,             0.72482,            0.023754,           0.0063582,           0.0040601,            0.004126,            0.004126,            0.004126
                 180,            0.029143,            0.010102,            0.011496,              0.9608,             0.99813,               0.995,             0.75455,            0.023377,            0.006666,           0.0039139,            0.004093,            0.004093,            0.004093
                 181,            0.028233,            0.010897,           0.0099065,             0.94837,                   1,               0.995,             0.74295,            0.023726,           0.0071447,           0.0041345,             0.00406,             0.00406,             0.00406
                 182,            0.027968,           0.0099916,            0.011018,             0.93018,                   1,               0.995,             0.72993,            0.024372,           0.0073663,           0.0040698,            0.004027,            0.004027,            0.004027
                 183,            0.027875,               0.011,            0.010711,             0.93505,                   1,               0.995,             0.69639,             0.02655,           0.0065895,           0.0036771,            0.003994,            0.003994,            0.003994
                 184,            0.028829,            0.010309,            0.010731,             0.95299,                   1,               0.995,             0.76638,            0.022809,           0.0062945,           0.0040222,            0.003961,            0.003961,            0.003961
                 185,            0.027635,           0.0097594,            0.011417,             0.95437,                   1,               0.995,             0.76634,            0.021302,           0.0061672,           0.0037962,            0.003928,            0.003928,            0.003928
                 186,            0.027924,            0.011746,            0.010982,             0.95114,                   1,               0.995,             0.73883,            0.024682,           0.0063002,           0.0038141,            0.003895,            0.003895,            0.003895
                 187,            0.028261,            0.010581,            0.010201,             0.94704,                   1,               0.995,             0.71174,            0.024365,           0.0063026,           0.0037733,            0.003862,            0.003862,            0.003862
                 188,             0.02786,           0.0090423,            0.011335,             0.95664,                   1,               0.995,             0.75643,            0.022675,           0.0061559,           0.0037436,            0.003829,            0.003829,            0.003829
                 189,            0.028475,            0.010177,            0.011324,             0.96072,                   1,               0.995,             0.75149,            0.022947,           0.0061978,           0.0036732,            0.003796,            0.003796,            0.003796
                 190,             0.02584,            0.010128,           0.0098569,             0.86836,                   1,               0.995,             0.69505,            0.024393,           0.0063961,            0.004411,            0.003763,            0.003763,            0.003763
                 191,            0.027295,            0.010406,           0.0099578,             0.91517,             0.91212,               0.995,             0.72321,            0.024986,           0.0069731,           0.0071397,             0.00373,             0.00373,             0.00373
                 192,            0.027163,            0.010266,           0.0095486,             0.95167,             0.91229,               0.995,              0.6901,            0.024055,           0.0065411,           0.0052865,            0.003697,            0.003697,            0.003697
                 193,             0.02624,            0.011269,            0.010402,             0.95787,             0.92604,               0.995,             0.68138,              0.0269,           0.0065508,           0.0046095,            0.003664,            0.003664,            0.003664
                 194,            0.026479,            0.011254,           0.0083848,             0.95347,             0.93333,               0.995,             0.66746,            0.026099,           0.0066556,           0.0046613,            0.003631,            0.003631,            0.003631
                 195,            0.026407,            0.010353,           0.0087754,             0.95334,                   1,               0.995,             0.71339,            0.024746,           0.0063179,           0.0031822,            0.003598,            0.003598,            0.003598
                 196,             0.02709,            0.010753,           0.0098183,             0.94342,                   1,               0.995,             0.74762,            0.024061,           0.0062865,           0.0031432,            0.003565,            0.003565,            0.003565
                 197,            0.027102,           0.0099993,            0.010668,             0.95584,                   1,               0.995,             0.76942,            0.024581,           0.0065339,           0.0033184,            0.003532,            0.003532,            0.003532
                 198,            0.026087,           0.0096163,           0.0091258,             0.95424,                   1,               0.995,             0.73378,            0.024373,           0.0068699,           0.0035548,            0.003499,            0.003499,            0.003499
                 199,            0.027033,            0.010629,            0.009728,              0.9551,                   1,               0.995,             0.72476,            0.024191,           0.0066564,           0.0037851,            0.003466,            0.003466,            0.003466
                 200,            0.026181,           0.0099547,           0.0083751,             0.95736,                   1,               0.995,             0.74988,            0.023197,           0.0063284,           0.0033013,            0.003433,            0.003433,            0.003433
                 201,            0.027096,            0.011409,           0.0099016,             0.89108,             0.99678,               0.995,             0.72388,            0.024722,           0.0065202,            0.004524,              0.0034,              0.0034,              0.0034
                 202,            0.026811,            0.010165,           0.0084278,             0.94785,                   1,               0.995,             0.75496,            0.023197,           0.0062309,           0.0032759,            0.003367,            0.003367,            0.003367
                 203,            0.027343,           0.0092846,            0.009649,             0.95382,                   1,               0.995,             0.79137,            0.021658,           0.0060834,            0.003087,            0.003334,            0.003334,            0.003334
                 204,            0.025232,            0.010891,           0.0082569,             0.95646,                   1,               0.995,             0.75012,             0.02227,           0.0061124,           0.0031114,            0.003301,            0.003301,            0.003301
                 205,             0.02713,            0.010665,            0.010186,             0.96031,                   1,               0.995,              0.7345,            0.022995,           0.0064057,           0.0030173,            0.003268,            0.003268,            0.003268
                 206,            0.026901,            0.010705,           0.0095426,              0.9612,                   1,               0.995,             0.71664,            0.024087,           0.0064541,           0.0031124,            0.003235,            0.003235,            0.003235
                 207,            0.026696,            0.010251,            0.010158,             0.96471,                   1,               0.995,             0.74761,            0.023604,            0.006164,            0.003087,            0.003202,            0.003202,            0.003202
                 208,            0.026559,            0.010528,            0.011114,             0.96742,                   1,               0.995,             0.78962,            0.022554,           0.0060487,           0.0028557,            0.003169,            0.003169,            0.003169
                 209,            0.026379,            0.010249,            0.010814,             0.96952,                   1,               0.995,             0.76141,            0.022245,           0.0060479,           0.0027208,            0.003136,            0.003136,            0.003136
                 210,            0.024409,           0.0097648,           0.0096347,             0.95527,                   1,               0.995,             0.73058,             0.02236,           0.0061632,           0.0029079,            0.003103,            0.003103,            0.003103
                 211,            0.025913,            0.010007,           0.0090862,             0.91101,                   1,               0.995,             0.75157,            0.021917,           0.0060479,            0.003317,             0.00307,             0.00307,             0.00307
                 212,            0.025451,            0.010224,           0.0099503,             0.96672,                   1,               0.995,             0.77307,            0.021282,           0.0058578,           0.0027208,            0.003037,            0.003037,            0.003037
                 213,            0.025434,             0.00946,           0.0095428,             0.96822,                   1,               0.995,             0.75642,            0.020643,           0.0060262,           0.0027587,            0.003004,            0.003004,            0.003004
                 214,            0.024399,           0.0098659,           0.0080474,             0.95119,                   1,               0.995,              0.7662,            0.021306,           0.0072688,           0.0027333,            0.002971,            0.002971,            0.002971
                 215,            0.024684,           0.0092237,           0.0076098,             0.92377,                   1,               0.995,             0.73359,            0.021949,             0.00936,           0.0028077,            0.002938,            0.002938,            0.002938
                 216,            0.024137,           0.0097069,           0.0074342,             0.95215,                   1,               0.995,             0.73347,              0.0226,           0.0071649,             0.00266,            0.002905,            0.002905,            0.002905
                 217,            0.025281,            0.010321,           0.0076162,             0.96316,                   1,               0.995,             0.77296,            0.020736,           0.0062575,           0.0025445,            0.002872,            0.002872,            0.002872
                 218,            0.025212,            0.010347,           0.0076359,             0.92191,                   1,               0.995,             0.74304,            0.021953,           0.0082874,            0.002984,            0.002839,            0.002839,            0.002839
                 219,            0.024699,           0.0095283,           0.0077566,             0.86769,                   1,               0.995,             0.72074,            0.024039,           0.0076508,           0.0038441,            0.002806,            0.002806,            0.002806
                 220,            0.025425,           0.0097031,           0.0076114,             0.96288,                   1,               0.995,             0.75608,            0.020007,           0.0059907,            0.002248,            0.002773,            0.002773,            0.002773
                 221,            0.025376,            0.010357,           0.0083972,             0.95822,                   1,               0.995,             0.73885,            0.020841,           0.0062123,           0.0022874,             0.00274,             0.00274,             0.00274
                 222,            0.024029,           0.0097621,           0.0067756,             0.95599,                   1,               0.995,             0.78306,            0.020514,           0.0059545,           0.0022972,            0.002707,            0.002707,            0.002707
                 223,            0.024342,             0.01046,           0.0076518,             0.95776,                   1,               0.995,             0.76137,            0.019722,           0.0059061,           0.0023614,            0.002674,            0.002674,            0.002674
                 224,            0.025414,            0.010012,            0.008216,             0.96127,                   1,               0.995,             0.76632,            0.021014,           0.0060125,           0.0025392,            0.002641,            0.002641,            0.002641
                 225,            0.022786,              0.0102,           0.0065173,             0.96698,                   1,               0.995,              0.7351,            0.021348,           0.0061342,           0.0024408,            0.002608,            0.002608,            0.002608
                 226,            0.024146,           0.0094909,           0.0074617,             0.96344,                   1,               0.995,             0.74091,            0.021665,           0.0061035,           0.0023612,            0.002575,            0.002575,            0.002575
                 227,            0.024452,            0.010574,           0.0082868,             0.95997,                   1,               0.995,             0.75156,            0.021106,           0.0061503,           0.0023818,            0.002542,            0.002542,            0.002542
                 228,            0.024229,           0.0097502,           0.0073432,             0.96359,                   1,               0.995,             0.72665,            0.021876,           0.0063026,           0.0023437,            0.002509,            0.002509,            0.002509
                 229,            0.022995,           0.0091585,            0.007627,             0.96799,                   1,               0.995,             0.74658,            0.021333,           0.0064202,           0.0023214,            0.002476,            0.002476,            0.002476
                 230,            0.023664,           0.0098158,           0.0090273,             0.96375,                   1,               0.995,             0.75008,            0.020613,           0.0062276,           0.0021932,            0.002443,            0.002443,            0.002443
                 231,            0.024046,           0.0088887,           0.0071534,             0.95957,                   1,               0.995,             0.77808,            0.020588,            0.005915,           0.0022241,             0.00241,             0.00241,             0.00241
                 232,            0.024033,            0.010832,           0.0069238,              0.9618,                   1,               0.995,             0.76336,            0.020679,           0.0058586,           0.0021976,            0.002377,            0.002377,            0.002377
                 233,            0.024347,            0.010209,           0.0081554,             0.96026,                   1,               0.995,             0.75981,            0.021299,           0.0059367,           0.0023979,            0.002344,            0.002344,            0.002344
                 234,             0.02316,           0.0095451,            0.007169,              0.9621,                   1,               0.995,             0.74822,            0.022241,           0.0059794,           0.0022593,            0.002311,            0.002311,            0.002311
                 235,            0.024889,           0.0094087,           0.0067444,             0.96324,                   1,               0.995,             0.74997,            0.021588,           0.0058779,           0.0022069,            0.002278,            0.002278,            0.002278
                 236,            0.024904,           0.0093966,           0.0080391,             0.96081,                   1,               0.995,              0.7665,            0.020799,           0.0057699,           0.0022713,            0.002245,            0.002245,            0.002245
                 237,            0.023426,           0.0095868,           0.0073162,             0.96161,                   1,               0.995,             0.77946,            0.020375,            0.005695,           0.0023376,            0.002212,            0.002212,            0.002212
                 238,            0.025749,           0.0093909,           0.0071854,             0.96106,                   1,               0.995,             0.77145,            0.020189,           0.0057216,           0.0023239,            0.002179,            0.002179,            0.002179
                 239,            0.022808,            0.009818,           0.0074971,             0.96555,                   1,               0.995,             0.78802,            0.019359,           0.0056732,           0.0022784,            0.002146,            0.002146,            0.002146
                 240,            0.022202,            0.010122,           0.0072136,             0.96409,                   1,               0.995,             0.74827,            0.020138,           0.0058892,           0.0021735,            0.002113,            0.002113,            0.002113
                 241,            0.022854,           0.0094912,           0.0061281,             0.96208,                   1,               0.995,             0.74492,            0.019422,           0.0058819,           0.0021062,             0.00208,             0.00208,             0.00208
                 242,            0.022403,           0.0097051,           0.0070864,             0.95894,                   1,               0.995,             0.73662,            0.020693,           0.0060882,           0.0021476,            0.002047,            0.002047,            0.002047
                 243,            0.022524,           0.0094508,           0.0069996,             0.95908,                   1,               0.995,             0.75495,            0.020565,           0.0060907,           0.0020914,            0.002014,            0.002014,            0.002014
                 244,            0.022159,            0.009641,           0.0068071,               0.962,                   1,               0.995,             0.72878,            0.021256,           0.0059335,           0.0018924,            0.001981,            0.001981,            0.001981
                 245,            0.022478,           0.0086891,           0.0063344,             0.95979,                   1,               0.995,             0.76818,             0.02119,           0.0059585,           0.0019256,            0.001948,            0.001948,            0.001948
                 246,            0.022438,            0.010997,           0.0080161,             0.95079,                   1,               0.995,             0.75464,            0.021966,           0.0061656,           0.0020918,            0.001915,            0.001915,            0.001915
                 247,            0.022108,           0.0094887,           0.0075771,             0.95653,                   1,               0.995,             0.76964,            0.021214,           0.0060262,           0.0020145,            0.001882,            0.001882,            0.001882
                 248,            0.020987,            0.009533,            0.006629,             0.96543,                   1,               0.995,             0.77985,            0.019595,           0.0057312,            0.001771,            0.001849,            0.001849,            0.001849
                 249,             0.02156,            0.010035,           0.0060235,             0.96664,                   1,               0.995,             0.75336,            0.019345,            0.005778,           0.0017468,            0.001816,            0.001816,            0.001816
                 250,            0.022824,            0.010957,           0.0069083,              0.9627,                   1,               0.995,             0.75187,            0.019916,           0.0058545,           0.0018296,            0.001783,            0.001783,            0.001783
                 251,            0.022887,           0.0094659,           0.0081706,             0.96337,                   1,               0.995,             0.74008,            0.020057,           0.0058586,           0.0018373,             0.00175,             0.00175,             0.00175
                 252,            0.022292,           0.0092298,           0.0072775,             0.96342,                   1,               0.995,             0.74003,            0.021175,           0.0059246,           0.0018107,            0.001717,            0.001717,            0.001717
                 253,            0.021776,           0.0092868,           0.0057428,             0.96489,                   1,               0.995,             0.75821,            0.019581,           0.0058545,           0.0018176,            0.001684,            0.001684,            0.001684
                 254,            0.022499,           0.0090705,           0.0076154,             0.96804,                   1,               0.995,             0.79465,            0.019088,           0.0057264,           0.0017855,            0.001651,            0.001651,            0.001651
                 255,            0.021204,           0.0091776,           0.0067718,             0.96835,                   1,               0.995,             0.77341,            0.019391,           0.0057095,           0.0017676,            0.001618,            0.001618,            0.001618
                 256,            0.022048,           0.0096749,           0.0072802,             0.96849,                   1,               0.995,              0.7731,            0.019129,           0.0057143,           0.0017363,            0.001585,            0.001585,            0.001585
                 257,            0.021222,           0.0089968,           0.0071952,             0.96736,                   1,               0.995,             0.77312,            0.019187,           0.0057183,           0.0017329,            0.001552,            0.001552,            0.001552
                 258,            0.022176,           0.0091883,            0.007148,             0.96692,                   1,               0.995,             0.78648,            0.019391,           0.0056974,           0.0017293,            0.001519,            0.001519,            0.001519
                 259,            0.021734,           0.0088581,           0.0070577,             0.96821,                   1,               0.995,             0.78649,            0.019426,            0.005724,           0.0017148,            0.001486,            0.001486,            0.001486
                 260,            0.021659,           0.0090735,           0.0065382,             0.96836,                   1,               0.995,              0.7732,            0.019294,           0.0057014,           0.0016989,            0.001453,            0.001453,            0.001453
                 261,            0.020613,           0.0093565,           0.0065041,             0.96967,                   1,               0.995,             0.76492,            0.018949,           0.0056982,           0.0017431,             0.00142,             0.00142,             0.00142
                 262,             0.02141,           0.0090943,           0.0066421,             0.96776,                   1,               0.995,             0.76496,            0.019066,           0.0057135,           0.0017134,            0.001387,            0.001387,            0.001387
                 263,            0.019391,           0.0087375,           0.0049047,             0.96485,                   1,               0.995,             0.76812,              0.0187,            0.005641,           0.0017046,            0.001354,            0.001354,            0.001354
                 264,            0.020939,            0.009932,           0.0057998,             0.96312,                   1,               0.995,             0.77137,             0.01873,           0.0056289,            0.001646,            0.001321,            0.001321,            0.001321
                 265,            0.020281,            0.009003,           0.0055295,              0.9644,                   1,               0.995,             0.78475,            0.018814,           0.0056249,           0.0016247,            0.001288,            0.001288,            0.001288
                 266,            0.020633,           0.0099483,             0.00539,             0.96526,                   1,               0.995,             0.80122,            0.018016,           0.0056507,           0.0016099,            0.001255,            0.001255,            0.001255
                 267,            0.020417,            0.008822,           0.0061907,             0.96711,                   1,               0.995,             0.78467,            0.017909,           0.0056281,           0.0015517,            0.001222,            0.001222,            0.001222
                 268,            0.020504,           0.0092411,           0.0059743,             0.96888,                   1,               0.995,             0.76467,            0.018474,           0.0057111,           0.0015501,            0.001189,            0.001189,            0.001189
                 269,            0.020488,           0.0094301,           0.0060621,              0.9679,                   1,               0.995,             0.78302,            0.019482,           0.0058948,           0.0015666,            0.001156,            0.001156,            0.001156
                 270,            0.022141,           0.0099521,           0.0070799,             0.96606,                   1,               0.995,             0.77807,            0.019903,           0.0059665,           0.0015795,            0.001123,            0.001123,            0.001123
                 271,            0.021154,           0.0089859,            0.008101,             0.96614,                   1,               0.995,             0.78312,            0.019741,           0.0058642,           0.0015501,             0.00109,             0.00109,             0.00109
                 272,            0.020537,           0.0091683,           0.0057975,             0.96773,                   1,               0.995,             0.79302,            0.019275,           0.0057143,           0.0014863,            0.001057,            0.001057,            0.001057
                 273,            0.021167,           0.0095081,           0.0057882,             0.96813,                   1,               0.995,               0.788,            0.018796,           0.0056345,           0.0014609,            0.001024,            0.001024,            0.001024
                 274,            0.020984,           0.0090423,           0.0070559,             0.96919,                   1,               0.995,             0.79632,            0.018137,           0.0055846,           0.0014613,            0.000991,            0.000991,            0.000991
                 275,            0.020643,           0.0093881,           0.0071427,             0.96955,                   1,               0.995,             0.81297,            0.018047,            0.005562,           0.0014643,            0.000958,            0.000958,            0.000958
                 276,            0.020691,           0.0093944,           0.0060559,             0.97015,                   1,               0.995,             0.80025,            0.017968,           0.0055846,           0.0014382,            0.000925,            0.000925,            0.000925
                 277,            0.019873,           0.0089537,           0.0053711,             0.97011,                   1,               0.995,             0.77551,            0.018739,           0.0057329,           0.0014099,            0.000892,            0.000892,            0.000892
                 278,            0.021173,           0.0099532,           0.0055321,             0.96885,                   1,               0.995,             0.76509,            0.020106,           0.0058489,            0.001403,            0.000859,            0.000859,            0.000859
                 279,            0.019538,           0.0090196,           0.0051473,             0.96854,                   1,               0.995,             0.78636,            0.019042,           0.0058844,            0.001415,            0.000826,            0.000826,            0.000826
                 280,            0.020227,            0.008833,           0.0054658,              0.9688,                   1,               0.995,             0.76803,            0.018859,            0.005915,           0.0014246,            0.000793,            0.000793,            0.000793
                 281,             0.01961,           0.0080299,           0.0060738,             0.96824,                   1,               0.995,              0.7647,            0.019331,           0.0059682,           0.0013996,             0.00076,             0.00076,             0.00076
                 282,            0.020114,           0.0082247,            0.005273,             0.96879,                   1,               0.995,             0.78297,            0.019091,           0.0059101,           0.0013654,            0.000727,            0.000727,            0.000727
                 283,            0.018953,           0.0092014,           0.0056921,             0.97013,                   1,               0.995,             0.78964,            0.018472,           0.0058005,           0.0013043,            0.000694,            0.000694,            0.000694
                 284,            0.019412,           0.0094217,           0.0050564,             0.96922,                   1,               0.995,             0.81121,            0.017923,           0.0056772,           0.0012751,            0.000661,            0.000661,            0.000661
                 285,            0.020527,           0.0093075,           0.0058183,              0.9687,                   1,               0.995,             0.80135,            0.018314,           0.0056627,            0.001256,            0.000628,            0.000628,            0.000628
                 286,            0.019617,           0.0088564,            0.005731,             0.96949,                   1,               0.995,             0.79806,            0.018505,           0.0056313,           0.0012283,            0.000595,            0.000595,            0.000595
                 287,            0.018193,           0.0091574,           0.0043738,             0.96953,                   1,               0.995,              0.7963,            0.017878,           0.0055991,           0.0012127,            0.000562,            0.000562,            0.000562
                 288,            0.019775,           0.0084544,           0.0055498,             0.96781,                   1,               0.995,             0.81459,            0.017782,           0.0056015,           0.0012202,            0.000529,            0.000529,            0.000529
                 289,            0.018929,           0.0095934,             0.00565,             0.96391,                   1,               0.995,             0.81445,            0.017424,           0.0057224,           0.0012671,            0.000496,            0.000496,            0.000496
                 290,            0.018796,           0.0089952,           0.0051001,             0.96443,                   1,               0.995,             0.81939,            0.018056,           0.0058537,           0.0013066,            0.000463,            0.000463,            0.000463
                 291,            0.020619,           0.0090049,           0.0064733,             0.95869,                   1,               0.995,             0.80779,            0.018555,           0.0060584,           0.0013622,             0.00043,             0.00043,             0.00043
                 292,            0.020029,           0.0090086,           0.0066816,              0.9671,                   1,               0.995,              0.8062,            0.018099,            0.005869,           0.0012866,            0.000397,            0.000397,            0.000397
                 293,            0.018572,           0.0088945,           0.0051614,             0.96925,                   1,               0.995,             0.81454,            0.017729,           0.0057167,           0.0012324,            0.000364,            0.000364,            0.000364
                 294,             0.01828,           0.0085666,           0.0049866,             0.97139,                   1,               0.995,             0.82955,            0.017642,           0.0056176,           0.0011841,            0.000331,            0.000331,            0.000331
                 295,            0.018665,           0.0084173,            0.004749,             0.97131,                   1,               0.995,             0.81955,            0.017758,           0.0055967,           0.0011836,            0.000298,            0.000298,            0.000298
                 296,               0.019,           0.0090855,           0.0064569,             0.97211,                   1,               0.995,             0.81955,             0.01796,           0.0055967,           0.0012095,            0.000265,            0.000265,            0.000265
                 297,            0.019214,            0.009215,           0.0051849,             0.97266,                   1,               0.995,              0.8178,            0.018109,           0.0056096,           0.0012149,            0.000232,            0.000232,            0.000232
                 298,            0.018608,           0.0088993,           0.0051767,             0.97275,                   1,               0.995,             0.80961,            0.018205,           0.0056241,           0.0012036,            0.000199,            0.000199,            0.000199
                 299,            0.017667,           0.0086976,           0.0046322,             0.97218,                   1,               0.995,             0.80955,            0.018115,           0.0056063,           0.0011975,            0.000166,            0.000166,            0.000166
